Discount,Total_Sales,Total_Profit,Average_Profit
0.0,90000.0,28385.24,28385.24
0.01,22497.75,4911.66,2455.83
0.02,56488.7,12669.08,3167.27
0.03,79476.15,25422.7,8474.233333333334
0.04,50379.840000000004,18452.91,9226.455
0.05,6796.6,1494.07,747.035
0.06,239856.0,91113.78,91113.78
0.07,38273.19,13332.99,3333.2475
0.08,759392.0,175764.15000000002,43941.037500000006
0.09,389649.0,112223.37999999999,22444.676
0.1,12487.5,3588.8,3588.8
0.11,421136.24,114127.44,38042.48
0.12,59928.0,11444.04,5722.02
0.13,192249.75,57398.350000000006,19132.783333333336
0.14,179748.0,46999.08,23499.54
0.15,63904.0,18208.539999999997,9104.269999999999
0.17,192871.56,44918.03999999999,14972.679999999998
0.18,149730.0,48782.56,16260.853333333333
0.19,11977.2,2036.36,2036.36
0.2,92315.0,27897.36,13948.68
0.21,149685.0,58511.47,19503.823333333334
0.22,59868.0,20212.93,20212.93
0.23,194551.5,39694.130000000005,19847.065000000002
0.24,505783.2,161574.69,32314.938000000002
0.25,14962.5,4732.66,4732.66
0.26,184818.22,53864.44,13466.11
0.27,25231.690000000002,8336.49,2778.83
0.28,33007.32,10254.95,2563.7375
0.29,190146.97,30779.859999999997,7694.964999999999
0.3,44565.9,11973.98,2394.796
0.31,231081.41999999998,50283.24,10056.648
0.32,10665.76,2671.56,1335.78
0.33,107643.6,18483.27,9241.635
0.34,179388.0,64712.4,64712.4
0.35,59790.0,20208.12,20208.12
0.36,5978.4,1321.09,1321.09
0.37,63862.83,14272.05,4757.349999999999
0.38,119544.0,41837.48,41837.48
0.39,8865.29,3072.7200000000003,1024.24
0.4,158762.4,53788.969999999994,13447.242499999998
0.41,8963.1,2982.69,1491.345
0.44,72977.48000000001,19011.18,6337.06
0.45,338470.0,80159.26,20039.815
0.46,89586.0,30613.79,30613.79
0.47,19906.0,5455.58,2727.79
0.48,97529.6,24459.04,6114.76
0.51,406416.65,108239.02,21647.804
0.52,372055.2,122223.93,30555.9825
0.53,139258.0,24145.93,12072.965
0.54,11935.2,4688.0,4688.0
0.55,3182.4,549.65,549.65
0.56,166064.8,36357.58,9089.395
0.57,83521.2,18656.46,6218.82
0.58,6462.3,1969.89,656.63
0.59,68592.90000000001,15987.83,5329.276666666667
0.6,178920.0,63506.78,31753.39
0.61,24847.5,8703.21,8703.21
0.62,242984.1,55630.73,13907.6825
0.63,532623.2,181449.81,45362.4525
0.64,59616.0,14679.42,7339.71
0.65,65571.0,13493.55,6746.775
0.66,50067.36,9987.27,4993.635
0.67,64067.85,14692.58,7346.29
0.68,50057.28,7658.05,2552.6833333333334
0.69,119172.0,41008.76,41008.76
0.7,238320.0,65942.39,32971.195
0.71,79432.0,30038.33,30038.33
0.72,336062.8,89043.24999999999,17808.649999999998
0.73,300788.1,109822.82,54911.41
0.74,321602.4,53314.63,17771.54333333333
0.75,79400.0,15613.5,15613.5
0.76,12405.0,3335.11,3335.11
0.77,50111.15,9988.04,4994.02
0.78,36711.399999999994,9396.7,3132.2333333333336
0.79,195840.54,50247.93,10049.586
0.8,78566.4,24640.61,6160.1525
0.81,205819.25,63854.28,15963.57
0.82,188442.0,43735.16,21867.58
0.83,6346.88,1563.05,521.0166666666667
0.84,31235.4,10224.09,5112.045
0.85,69405.0,12587.49,6293.745
0.86,18142.62,5771.49,1923.83
0.87,74347.5,26475.019999999997,13237.509999999998
0.88,72853.2,20592.85,6864.283333333333
0.89,130329.65,33727.21,8431.8025
0.9,169956.5,39759.44,7951.888000000001
0.91,3170.88,1146.72,1146.72
0.92,42802.56,13510.689999999999,6755.344999999999
0.93,20309.35,5611.19,1870.3966666666665
0.94,278358.6,53147.100000000006,17715.7
0.97,178254.0,58246.42,29123.21
0.99,133663.5,48880.55,16293.516666666668
1.0,227700.0,67609.78,22536.593333333334
1.01,83844.53,19523.66,6507.886666666666
1.02,230821.36,80790.58,20197.645
1.03,65320.2,24957.0,12478.5
1.04,301828.0,61232.1,30616.05
1.07,7419.75,2028.21,1014.105
1.08,25224.6,5283.5,2641.75
1.09,207216.45,41653.78,13884.593333333332
1.1,5934.0,2255.66,2255.66
1.11,108779.0,18186.42,9093.21
1.12,129532.8,28769.05,7192.2625
1.13,15324.85,4102.37,1367.4566666666667
1.14,143347.0,25443.64,8481.213333333333
1.16,20855.24,6830.57,2276.8566666666666
1.17,41113.28,13720.769999999999,6860.384999999999
1.18,240330.24,60711.07000000001,20237.023333333334
1.19,83988.5,27036.16,9012.053333333333
1.21,352680.3,71544.95000000001,17886.237500000003
1.22,230354.96,75865.79000000001,25288.596666666668
1.23,129388.7,26979.8,8993.266666666666
1.24,2962.8,696.14,696.14
1.25,51350.0,14445.34,7222.67
1.26,272522.4,63207.36,31603.68
1.27,18758.7,3406.63,1135.5433333333333
1.28,161407.2,35674.66,8918.665
1.29,65148.6,12196.630000000001,6098.3150000000005
1.3,27636.0,9228.3,4614.15
1.31,24672.5,6474.89,6474.89
1.32,5920.8,1147.32,1147.32
1.33,466709.1,82686.13,13781.021666666667
1.35,236760.0,89054.24,89054.24
1.36,4438.8,1212.31,1212.31
1.37,472240.44,148106.58,18513.3225
1.38,303256.5,63732.18,31866.09
1.39,59166.0,16103.97,16103.97
1.4,695425.8,173848.88,28974.813333333335
1.41,63886.32,18400.84,4600.21
1.42,41896.5,12450.01,6225.005
1.43,215276.88,63521.18,21173.726666666666
1.44,14784.0,4917.76,4917.76
1.48,5714.16,1597.7800000000002,798.8900000000001
1.49,26006.64,7860.84,2620.28
1.5,4826.5,1705.77,852.885
1.51,24622.5,7276.67,7276.67
1.52,1477.2,430.37,430.37
1.53,14770.5,3163.26,3163.26
1.54,14276.7,4438.27,2219.135
1.55,40364.5,14291.36,7145.68
1.56,236256.0,91240.43,91240.43
1.57,24607.5,6485.12,6485.12
1.58,787.36,299.34,299.34
1.59,209022.84,56315.47,18771.823333333334
1.6,69076.8,19712.64,4928.16
1.61,241645.84,63248.81,12649.761999999999
1.62,364006.0,74971.63,24990.543333333335
1.63,248384.25,92246.01000000001,30748.670000000002
1.64,86556.8,25878.57,12939.285
1.65,90088.6,25044.86,8348.286666666667
1.66,9834.0,2057.51,2057.51
1.67,72764.2,17061.02,5687.006666666667
1.69,68915.31,25231.060000000005,6307.765000000001
1.7,378946.5,88094.73000000001,12584.96142857143
1.71,58974.0,22093.12,22093.12
1.72,178378.2,54013.91,18004.63666666667
1.73,121854.79999999999,31823.519999999997,10607.839999999998
1.74,265302.0,55468.82,18489.606666666667
1.76,23577.6,8783.06,8783.06
1.77,29469.0,10040.439999999999,5020.219999999999
1.78,8152.26,2684.7,894.9
1.79,22097.25,7452.74,3726.37
1.8,129624.0,42623.47,8524.694
1.81,31813.56,6156.4400000000005,3078.2200000000003
1.83,273894.3,79905.72,19976.43
1.84,6380.4,1237.12,618.56
1.85,447564.0,84489.75,28163.25
1.86,3925.6,1153.8,1153.8
1.87,51518.25,14693.09,4897.696666666667
1.88,419463.0,156853.19,31370.638
1.89,98110.0,27101.06,13550.53
1.9,65530.8,21546.53,5386.6325
1.91,11770.8,3845.69,3845.69
1.92,235392.0,61034.21000000001,30517.105000000003
1.93,64726.2,11931.89,5965.945
1.94,14709.0,4435.7,4435.7
1.95,63732.5,12592.730000000001,6296.365000000001
1.96,441180.0,110706.35999999999,55353.17999999999
1.98,15683.2,3642.1,1821.05
1.99,219052.35,58157.05,14539.2625
2.0,58800.0,10566.11,10566.11
2.01,125329.20999999999,43224.22,6174.888571428572
2.02,58788.0,14189.09,14189.09
2.04,4408.2,1373.16,1373.16
2.05,7346.25,2490.4,2490.4
2.06,259541.0,53021.56,13255.39
2.07,217404.6,78834.62000000001,15766.924000000003
2.08,165191.03999999998,45500.850000000006,9100.170000000002
2.09,35835.06,10158.9,3386.2999999999997
2.1,358118.2,131552.18,32888.045
2.11,185012.1,39754.46,13251.486666666666
2.12,32496.16,11391.23,5695.615
2.13,12233.75,3987.76,3987.76
2.14,29358.0,9236.25,9236.25
2.15,69473.5,20036.14,6678.713333333333
2.18,67006.7,17747.69,4436.9225
2.19,375590.4,134160.29,26832.058
2.2,492423.0,115115.84,23023.167999999998
2.21,69235.32,22678.21,7559.403333333333
2.22,316807.2,95697.34,47848.67
2.23,234648.0,74848.19,37424.095
2.25,108013.75,30847.81,10282.603333333334
2.26,87966.0,23480.1,11740.05
2.27,136333.35,30534.480000000003,10178.160000000002
2.28,7329.0,1480.9,1480.9
2.29,433343.85,137950.1,34487.525
2.3,24034.2,7491.65,1498.33
2.31,61056.25,20522.29,5130.5725
2.32,9768.0,3233.92,1616.96
2.33,324655.07999999996,114364.88,19060.813333333335
2.34,424430.36,126672.09,21112.015
2.35,3906.0,781.76,390.88
2.37,205023.0,43801.9,21900.95
2.38,366075.0,64907.91,16226.9775
2.39,68327.0,16899.33,8449.665
2.4,82472.0,15412.66,7706.33
2.41,64897.35,16098.05,5366.016666666666
2.43,352715.55,66480.14,22160.046666666665
2.44,109267.2,27101.83,13550.915
2.46,163867.2,45348.38,22674.19
2.47,97530.0,17298.72,8649.36
2.48,19504.0,6598.97,6598.97
2.49,97510.0,24100.46,12050.23
2.5,178425.0,35218.26,11739.42
2.52,363113.0,113218.12999999999,28304.532499999998
2.53,33919.56,9752.230000000001,1950.4460000000004
2.54,265481.04,47783.31,15927.769999999999
2.55,61588.4,19329.23,9664.615
2.56,2923.2,1140.99,1140.99
2.57,80379.75,14450.820000000002,4816.9400000000005
2.58,199711.0,64645.899999999994,32322.949999999997
2.59,237777.81,92230.59,30743.53
2.61,148519.75,37536.469999999994,18768.234999999997
2.62,120751.2,18657.29,9328.645
2.63,82764.5,25011.739999999998,12505.869999999999
2.64,121213.2,36714.100000000006,18357.050000000003
2.65,280368.0,99954.73000000001,49977.365000000005
2.66,19468.0,3941.5,3941.5
2.67,328488.75,106095.56,35365.18666666667
2.68,99266.4,30199.659999999996,15099.829999999998
2.69,4865.5,1425.87,1425.87
2.7,398930.0,113011.38,37670.46
2.71,728312.94,213499.16999999998,21349.916999999998
2.72,92416.0,33664.06,16832.03
2.73,58362.0,19978.62,6659.54
2.74,408492.0,106985.87000000001,26746.467500000002
2.75,43762.5,13128.98,3282.245
2.76,114743.2,23295.84,7765.28
2.77,320859.0,88058.46,29352.820000000003
2.78,18957.9,5591.35,1863.7833333333335
2.79,270243.8,73474.06,18368.515
2.8,22550.4,8114.22,4057.11
2.82,17492.4,4075.8900000000003,2037.9450000000002
2.83,85801.11,32032.739999999998,10677.58
2.84,8744.4,1662.8500000000001,831.4250000000001
2.85,242875.0,57137.85,19045.95
2.86,174852.0,39854.270000000004,19927.135000000002
2.87,2913.9,554.23,554.23
2.88,38848.0,10241.880000000001,5120.9400000000005
2.89,223353.0,72910.35,18227.5875
2.9,231583.5,69992.02,11665.336666666668
2.91,98643.44,35094.86,17547.43
2.92,70383.0,17002.57,8501.285
2.93,160165.5,37185.27,12395.089999999998
2.94,82501.0,24931.52,12465.76
2.95,21836.25,4857.59,2428.795
2.96,145560.0,28717.67,28717.67
2.97,15524.8,5355.1,2677.55
2.98,305613.0,70121.23000000001,23373.743333333336
2.99,65966.8,11012.87,3670.956666666667
3.0,194000.0,60412.42,20137.47333333333
3.01,90200.7,22778.09,7592.696666666667
3.02,118703.52,20874.100000000002,10437.050000000001
3.03,120727.65,37336.700000000004,18668.350000000002
3.04,9696.0,1987.13,1987.13
3.05,324782.5,72888.59,10412.655714285715
3.06,46531.2,8177.58,8177.58
3.07,198512.64,68124.47,22708.156666666666
3.08,290760.0,80380.75,40190.375
3.09,220954.8,40002.35,20001.175
3.1,37306.5,11110.259999999998,3703.4199999999996
3.11,416627.0,129737.0,43245.666666666664
3.12,69366.08,14929.17,4976.39
3.13,19374.0,3769.8500000000004,1884.9250000000002
3.14,67705.14,21353.629999999997,7117.876666666666
3.15,232440.0,62342.03999999999,31171.019999999997
3.16,58104.0,18964.37,6321.456666666666
3.17,79400.6,25934.89,6483.7225
3.18,25754.12,8015.1,2671.7000000000003
3.19,30495.15,8751.96,4375.98
3.21,100661.6,31238.4,10412.800000000001
3.22,176526.72,30943.02,15471.51
3.23,277246.05,94034.65,23508.6625
3.24,123852.8,38369.26,5481.322857142857
3.25,77400.0,21147.09,21147.09
3.26,128664.2,24927.67,4154.611666666667
3.27,42561.2,12024.92,2004.1533333333334
3.29,43519.5,11436.43,5718.215
3.3,145050.0,34631.76,34631.76
3.31,16050.54,6271.45,3135.725
3.32,36255.0,11192.380000000001,5596.1900000000005
3.33,20784.05,6702.129999999999,3351.0649999999996
3.34,335313.54000000004,121024.18,24204.836
3.35,1546.4,530.17,530.17
3.36,13529.6,3878.42,1292.8066666666666
3.37,67157.85,13849.32,4616.44
3.38,521748.0,144206.2,72103.1
3.39,1545.76,618.23,618.23
3.4,156975.0,28753.35,14376.675
3.41,405678.0,104133.99,34711.33
3.42,78712.7,15370.26,7685.13
3.43,347652.0,117362.26,58681.13
3.44,207604.0,74745.81,24915.27
3.45,311856.5,74958.7,18739.675
3.46,57924.0,18528.5,9264.25
3.48,135031.48,47058.71,11764.6775
3.49,64179.15,14329.06,4776.3533333333335
3.5,233144.0,90714.68,45357.34
3.51,154384.0,47320.840000000004,23660.420000000002
3.52,67536.0,18406.940000000002,9203.470000000001
3.54,496479.62,145870.97999999998,29174.195999999996
3.55,88155.3,25234.48,6308.62
3.56,96440.0,26627.2,13313.6
3.57,442806.56,86532.0,14422.0
3.58,8484.96,2636.85,878.9499999999999
3.59,431434.75,129622.76000000001,32405.690000000002
3.6,101220.0,27063.75,9021.25
3.62,309090.66000000003,97366.32,13909.474285714286
3.63,338258.7,108520.98999999999,21704.197999999997
3.64,125268.0,30890.22,15445.11
3.65,20811.6,7989.03,2663.0099999999998
3.67,337636.65,67835.31,22611.77
3.68,7224.0,2473.67,2473.67
3.7,82432.8,22690.41,5672.6025
3.71,140390.82,25167.04,8389.013333333334
3.72,409190.0,119266.59,39755.53
3.73,96270.0,26528.99,26528.99
3.74,91447.0,25309.63,8436.543333333333
3.75,173250.0,27666.300000000003,13833.150000000001
3.76,454252.8,85278.54000000001,12182.648571428572
3.77,64474.100000000006,15217.52,5072.506666666667
3.79,7408.17,2024.22,1012.11
3.8,295334.0,108875.18000000001,27218.795000000002
3.81,118506.08,32846.3,8211.575
3.82,66845.1,15139.75,3027.95
3.83,552015.8,159251.82,22750.260000000002
3.84,293288.0,76135.76,38067.88
3.85,111534.0,42551.1,14183.699999999999
3.86,14421.0,4345.8099999999995,1448.6033333333332
3.87,144195.0,28482.629999999997,9494.21
3.88,346032.0,81729.02,40864.51
3.89,19222.0,4319.610000000001,2159.8050000000003
3.9,204693.0,64758.93,12951.786
3.91,156626.7,49810.78,16603.593333333334
3.92,31226.0,11405.09,5702.545
3.93,46113.6,8216.27,8216.27
3.94,60037.5,9745.64,4872.82
3.95,485532.75,155232.43,38808.1075
3.97,115236.0,26837.32,26837.32
3.98,174372.32,40994.170000000006,20497.085000000003
3.99,3072.32,1171.72,1171.72
4.0,297600.0,78690.94,39345.47
4.01,145136.88,29977.46,9992.486666666666
4.03,14395.5,4177.6,2088.8
4.04,201899.84,52935.840000000004,8822.640000000001
4.06,270550.8,83715.41,20928.8525
4.07,214883.2,77717.70999999999,25905.903333333332
4.08,282004.8,65990.04,21996.679999999997
4.09,67137.0,21098.809999999998,10549.404999999999
4.1,86310.0,25519.26,8506.42
4.11,318834.25,76501.54000000001,25500.513333333336
4.13,142846.3,33275.67,11091.89
4.14,4313.7,702.02,702.02
4.15,14377.5,2407.97,2407.97
4.16,187846.4,43393.76,14464.586666666668
4.17,43123.5,14103.83,3525.9575
4.19,162877.0,53160.06999999999,13290.017499999998
4.2,8047.2,1781.35,890.675
4.21,37358.1,9987.51,4993.755
4.22,179395.94,44850.81,6407.2585714285715
4.24,1532.16,581.8,581.8
4.25,5745.0,2163.56,2163.56
4.26,30636.8,9444.4,3148.133333333333
4.27,177674.88,66790.59,22263.53
4.28,4786.0,1608.09,1608.09
4.29,308569.04,113494.73,37831.57666666667
4.3,7177.5,2192.79,2192.79
4.31,62964.020000000004,15579.83,5193.276666666667
4.32,57408.0,18712.23,18712.23
4.33,374643.72,125217.74,25043.548000000003
4.34,122444.8,22600.78,11300.39
4.35,9565.0,1435.61,1435.61
4.36,111898.8,34611.4,11537.133333333333
4.37,21038.6,8000.0599999999995,4000.0299999999997
4.38,108337.45999999999,19950.22,6650.073333333334
4.39,191220.0,36983.27,18491.635
4.4,22179.2,5026.98,1256.745
4.41,40147.8,11549.29,2887.3225
4.42,135341.28,36590.0,9147.5
4.43,43006.5,8733.63,4366.815
4.44,69758.8,20178.440000000002,10089.220000000001
4.45,25416.3,7016.58,2338.86
4.46,168150.4,41543.06,6923.843333333333
4.47,155904.96000000002,27830.160000000003,9276.720000000001
4.48,457540.8,142672.17,28534.434
4.49,279366.75,93579.5,23394.875
4.5,31037.5,8212.11,4106.055
4.51,114588.0,38114.7,38114.7
4.52,77147.84,18652.280000000002,9326.140000000001
4.53,292138.2,62606.72,31303.36
4.54,57276.0,21792.75,21792.75
4.55,287113.6,58776.409999999996,19592.136666666665
4.56,18133.6,6101.33,3050.665
4.57,3053.76,895.57,895.57
4.58,54866.5,12907.4,3226.85
4.59,45796.8,8169.77,8169.77
4.6,73458.0,23211.6,7737.2
4.61,252783.5,52098.27,17366.09
4.62,97573.74,27242.24,4540.373333333334
4.63,80110.8,21448.14,10724.07
4.64,19072.0,3013.13,3013.13
4.65,11823.4,3748.54,1874.27
4.66,248646.72,72516.36,24172.12
4.67,67493.64,16167.849999999999,5389.283333333333
4.68,249261.8,76860.1,25620.033333333336
4.69,383622.75,95191.07,19038.214
4.7,67091.2,18176.6,4544.15
4.71,288252.25,90786.71999999999,45393.35999999999
4.72,11433.6,2692.44,2692.44
4.73,1524.32,416.37,416.37
4.74,7144.5,1798.95,899.475
4.75,99060.0,29110.52,9703.506666666666
4.76,242862.0,72815.26999999999,14563.053999999998
4.77,82469.18,19589.66,6529.886666666666
4.78,383260.5,82485.17,16497.034
4.79,228504.0,43107.54,43107.54
4.81,188095.44,54082.399999999994,13520.599999999999
4.82,85662.0,27408.860000000004,9136.286666666669
4.83,58244.04,19428.579999999998,6476.193333333333
4.84,24931.92,7942.82,2647.6066666666666
4.85,142725.0,38630.41,38630.41
4.86,228336.0,66747.32,11124.553333333335
4.87,231356.16,41129.48,13709.826666666668
4.88,19024.0,4959.99,4959.99
4.89,38044.0,13132.76,6566.38
4.9,186396.0,54832.94,9138.823333333334
4.91,7131.75,2445.37,2445.37
4.92,18540.6,5261.99,1753.9966666666667
4.93,60369.45,17570.61,5856.87
4.94,195823.6,62848.99,15712.2475
4.95,185347.5,45541.6,22770.8
4.96,69854.4,20394.26,5098.565
4.97,78304.72,27540.890000000003,13770.445000000002
4.99,2375.25,424.18,424.18
5.0,9500.0,3789.82,3789.82
5.01,103729.08,32332.32,10777.44
5.02,2279.52,773.64,773.64
5.03,344931.04,72558.35,24186.11666666667
5.04,34185.6,8731.67,8731.67
5.05,151920.0,32422.75,16211.375
5.06,78990.08,29325.96,5865.192
5.07,93411.12,16030.51,5343.503333333333
5.08,11865.0,2242.87,1121.435
5.09,274289.9,73803.56,14760.712
5.1,296562.5,81907.44,27302.48
5.11,200028.12,58405.65,14601.4125
5.12,345837.6,95319.81999999999,23829.954999999998
5.13,102933.95,36930.94,12310.313333333334
5.14,113832.0,20941.730000000003,10470.865000000002
5.15,45528.0,17440.59,17440.59
5.16,23235.8,4982.59,2491.295
5.17,182073.6,58774.0,29387.0
5.18,243213.3,78115.09,15623.018
5.19,56886.0,14945.64,14945.64
5.2,45504.0,16568.97,16568.97
5.21,29953.64,8061.69,4030.845
5.22,102362.4,21060.66,10530.33
5.23,11846.25,4168.01,2084.005
5.24,13740.2,4366.63,2183.315
5.25,200396.25,62581.729999999996,20860.576666666664
5.26,591651.3,203630.91999999998,50907.729999999996
5.27,284190.0,94131.75,94131.75
5.28,223539.2,64810.119999999995,21603.373333333333
5.29,440401.5,91761.20999999999,22940.302499999998
5.3,278891.5,74709.61,18677.4025
5.31,198849.0,52118.869999999995,13029.717499999999
5.32,59175.0,18649.87,6216.623333333333
5.33,42601.5,14001.74,4667.246666666667
5.34,78567.8,21474.35,7158.116666666666
5.35,87551.25,20645.45,6881.816666666667
5.36,151424.0,38474.67,12824.89
5.37,200615.6,63972.89,15993.2225
5.39,140022.8,42539.280000000006,14179.760000000002
5.4,165550.0,50272.43,16757.476666666666
5.41,4729.5,996.92,996.92
5.42,36886.2,9911.14,4955.57
5.43,387264.15,91631.81999999999,15271.97
5.44,125292.0,24415.45,6103.8625
5.45,399946.5,88560.14,22140.035
5.46,56724.0,19928.77,19928.77
5.47,309585.75,110264.92,22052.984
5.48,70417.4,13017.1,4339.033333333334
5.49,94510.0,29957.71,14978.855
5.5,2173.5,546.03,273.015
5.51,11811.25,2987.71,2987.71
5.52,456905.27999999997,117020.56,19503.426666666666
5.53,46101.36,7090.34,3545.17
5.54,114107.68,22982.13,11491.065
5.55,169537.75,31517.96,6303.592
5.56,250266.0,56708.89,14177.2225
5.57,169974.0,62990.4,62990.4
5.58,144368.18,46751.53,7791.921666666666
5.59,56646.0,12785.25,12785.25
5.6,56640.0,14833.45,14833.45
5.61,60881.55,13633.5,6816.75
5.62,249446.34,59422.41,9903.735
5.63,324160.95,93508.6,18701.72
5.64,292516.0,93515.4,31171.8
5.65,165112.5,35289.41,8822.3525
5.66,16981.2,5873.11,1468.2775
5.67,414863.34,91356.09,15226.015
5.69,16504.25,4385.33,2192.665
5.7,23575.0,9089.46,9089.46
5.71,9429.0,2356.91,2356.91
5.72,28095.440000000002,7024.31,1404.862
5.73,20362.32,6932.47,2310.8233333333333
5.74,137996.64,32144.98,10714.993333333334
5.75,3770.0,1489.78,1489.78
5.77,257436.36,55035.32,13758.83
5.78,47581.1,14653.67,2930.734
5.79,21950.93,6452.74,2150.9133333333334
5.8,141300.0,26761.25,26761.25
5.81,285584.08,104608.05,34869.35
5.82,40026.5,12783.42,6391.71
5.83,226008.0,55821.600000000006,27910.800000000003
5.84,301312.0,68622.23,34311.115
5.85,271152.0,88794.44,44397.22
5.86,197694.0,64947.89,32473.945
5.88,56472.0,13366.14,13366.14
5.89,11293.2,2832.76,944.2533333333334
5.9,150936.4,40234.380000000005,8046.876000000001
5.91,560776.4,146878.03,24479.671666666665
5.92,320342.4,67562.85,22520.95
5.93,4703.5,1789.65,1789.65
5.94,11287.2,3787.24,3787.24
5.95,45332.1,8342.199999999999,2780.733333333333
5.96,75232.0,21653.78,21653.78
5.97,13164.2,4038.8599999999997,2019.4299999999998
5.98,117525.0,40361.649999999994,20180.824999999997
5.99,169218.0,46528.33,23264.165
6.0,96068.0,24709.72,6177.43
6.01,156399.36,39673.18,9918.295
6.02,11747.5,1980.22,1980.22
6.03,229756.65,72856.65,36428.325
6.04,9396.0,2206.12,2206.12
6.05,7046.25,1436.62,1436.62
6.06,321744.5,119471.36,29867.84
6.07,112716.0,31046.95,31046.95
6.08,42733.6,9035.52,3011.84
6.09,52120.05,14426.93,4808.9766666666665
6.1,104980.2,20929.64,3488.273333333333
6.11,62530.74,12825.630000000001,4275.21
6.12,5632.8,1531.72,1531.72
6.13,403641.0,117787.51,29446.8775
6.14,309738.0,113680.16,28420.04
6.15,65695.0,13218.62,6609.31
6.16,21114.0,6881.24,3440.62
6.17,9383.0,2800.72,2800.72
6.18,163246.8,40337.310000000005,13445.770000000002
6.19,459669.0,136828.16,27365.632
6.2,107776.2,36964.55,9241.1375
6.21,7034.25,2043.5700000000002,1021.7850000000001
6.22,115724.52,26887.42,5377.4839999999995
6.23,49698.1,15218.71,7609.355
6.24,428952.0,94445.44,13492.205714285714
6.25,80250.0,12590.800000000001,4196.933333333333
6.26,749.92,241.01,241.01
6.27,56238.0,8580.4,8580.4
6.28,206184.0,71325.16,23775.053333333333
6.29,187420.0,51000.93,12750.2325
6.3,27173.0,7364.81,2454.936666666667
6.31,201901.95,69791.34,17447.835
6.32,24825.2,6754.02,2251.34
6.33,86551.08,18114.75,6038.25
6.34,280980.0,68120.11,68120.11
6.35,84285.0,28277.21,28277.21
6.36,159188.0,39103.42,13034.473333333333
6.37,91289.25,22032.32,11016.16
6.38,116556.9,25046.539999999997,12523.269999999999
6.39,96605.52,19439.06,9719.53
6.4,79560.0,25784.84,8594.946666666667
6.41,282173.85,77258.01000000001,25752.670000000002
6.42,253414.64,58724.869999999995,14681.217499999999
6.43,23392.5,6004.67,2001.5566666666666
6.44,3742.4,656.46,656.46
6.45,199261.5,58674.92,11734.984
6.46,7015.5,1943.77,1943.77
6.47,36944.35,7763.799999999999,1940.9499999999998
6.48,219304.4,60928.17,15232.0425
6.49,224424.0,54977.97,27488.985
6.5,7012.5,1609.8,804.9
6.51,114992.7,38860.22,19430.11
6.53,94872.05,30664.760000000002,10221.586666666668
6.54,114395.04,36761.2,18380.6
6.55,112140.0,18958.41,18958.41
6.56,21024.0,5654.98,2827.49
6.57,22423.2,5233.4,2616.7
6.58,474106.5,98948.12000000001,14135.445714285715
6.59,339545.35,94379.47,18875.894
6.6,30355.0,9087.79,4543.895
6.62,257168.52,43873.13,10968.2825
6.63,34080.05,6819.97,2273.3233333333333
6.64,56016.0,12819.630000000001,3204.9075000000003
6.65,114820.5,29696.82,9898.94
6.66,133942.9,29212.26,4868.71
6.67,174433.77,62642.97,15660.7425
6.68,74656.0,23098.02,23098.02
6.69,72781.8,23286.83,5821.7075
6.7,167940.0,40616.91,20308.455
6.71,223896.0,57825.76,19275.253333333334
6.72,191690.4,67646.97,11274.495
6.73,58946.64,10870.679999999998,5435.339999999999
6.74,334803.4,97840.81000000001,16306.801666666668
6.75,187898.75,60471.04,20157.013333333332
6.76,11655.0,4464.86,4464.86
6.77,87636.2,25410.27,8470.09
6.78,10254.2,2675.89,1337.945
6.79,149136.0,45500.45,22750.225
6.8,4660.0,1682.85,1682.85
6.81,146308.3,35294.59,7058.918
6.82,4659.0,1290.44,1290.44
6.83,59628.8,16110.519999999999,8055.259999999999
6.84,55896.0,14758.49,14758.49
6.85,135533.25,49770.4,16590.133333333335
6.86,25613.5,6153.11,3076.555
6.87,188495.12,59064.1,19688.033333333333
6.88,44697.6,12125.57,12125.57
6.89,156424.8,43131.29,14377.096666666666
6.9,301644.0,106350.67,53175.335
6.91,106494.95999999999,28126.14,4687.69
6.92,223392.0,64362.57,64362.57
6.93,6980.25,1688.22,1688.22
6.95,148880.0,45211.83,22605.915
6.96,6326.719999999999,2071.73,1035.865
6.97,13954.5,5202.71,5202.71
6.98,279060.0,66448.6,66448.6
6.99,167418.0,43673.63,21836.815
7.0,447144.0,98924.58,24731.145
7.01,133440.65,29476.36,5895.272
7.02,106927.0,30473.690000000002,10157.896666666667
7.04,241696.0,63235.93,31617.965
7.05,97597.5,25027.41,8342.47
7.06,425200.5,144972.82,48324.27333333334
7.07,116162.5,30774.739999999998,10258.246666666666
7.08,58539.6,18542.25,6180.75
7.09,83619.0,12547.56,12547.56
7.1,362310.0,111088.28,55544.14
7.12,56192.4,14295.320000000002,4765.1066666666675
7.13,9287.0,1433.57,1433.57
7.14,373297.2,94577.29999999999,15762.883333333331
7.15,85422.0,26152.55,6538.1375
7.16,13090.44,3080.73,1540.365
7.17,12067.9,4160.349999999999,2080.1749999999997
7.18,179606.7,59616.19,14904.0475
7.19,1392.15,486.87,486.87
7.2,278400.0,94394.23999999999,31464.746666666662
7.21,20784.96,6516.82,2172.273333333333
7.22,101130.2,31668.620000000003,7917.155000000001
7.23,398818.23,134822.80000000002,26964.560000000005
7.24,222624.0,75638.09,75638.09
7.25,19570.25,7048.049999999999,2349.35
7.26,57127.84,16267.86,5422.62
7.27,122032.68,28798.71,7199.6775
7.28,392205.6,120762.02,24152.404000000002
7.29,196916.04,58731.09999999999,19577.03333333333
7.3,113557.5,33112.64,8278.16
7.31,3058.77,617.8,308.9
7.32,4634.0,1846.65,1846.65
7.33,213141.0,41837.76,10459.44
7.34,444768.0,73909.95999999999,36954.979999999996
7.35,175571.75,63692.46000000001,10615.410000000002
7.36,141924.48,23064.920000000002,11532.460000000001
7.37,463798.41000000003,103231.48,17205.246666666666
7.38,4631.0,1273.01,1273.01
7.39,141137.64,35541.93,17770.965
7.4,64820.0,14656.2,7328.1
7.41,249993.0,67717.88,33858.94
7.43,216150.94999999998,49482.84,9896.568
7.44,140228.4,26305.53,6576.3825
7.45,46645.2,15642.97,7821.485
7.46,92540.0,36703.23,36703.23
7.47,87440.85,20908.34,10454.17
7.48,1480.32,532.94,532.94
7.49,86404.34,23190.2,4638.04
7.5,107762.5,33704.49,8426.1225
7.51,26822.1,7340.450000000001,3670.2250000000004
7.53,55482.0,14455.21,14455.21
7.54,2311.5,864.76,864.76
7.56,23110.0,3781.04,3781.04
7.57,138645.0,46127.47,23063.735
7.58,68483.22,17059.96,5686.653333333333
7.6,4620.0,717.19,717.19
7.61,65134.95,12838.84,3209.71
7.62,121941.6,26122.82,8707.606666666667
7.63,1477.92,549.11,549.11
7.64,110832.0,18956.34,18956.34
7.65,85423.75,28124.21,14062.105
7.66,25116.48,5330.49,1776.83
7.67,36932.0,8515.43,2128.8575
7.69,14308.05,4855.54,1618.5133333333333
7.7,57687.5,11331.619999999999,5665.8099999999995
7.71,156893.0,45315.31999999999,15105.106666666665
7.72,50754.0,13043.349999999999,6521.674999999999
7.73,204839.4,60456.93000000001,20152.31
7.74,275488.36,76690.70999999999,9586.338749999999
7.75,23616.0,4364.06,2182.03
7.76,122218.0,34069.28,8517.32
7.77,18446.0,4306.15,4306.15
7.79,381749.4,111987.23,18664.538333333334
7.8,55320.0,21508.77,21508.77
7.81,101409.0,22595.38,7531.793333333334
7.82,94023.6,19480.61,9740.305
7.83,125904.22,46042.92999999999,11510.732499999998
7.84,44236.8,11209.25,5604.625
7.85,239590.0,68971.1,34485.55
7.86,59891.0,18621.5,9310.75
7.87,175047.0,35996.21,11998.736666666666
7.88,231221.2,62669.43,15667.3575
7.9,75153.6,17308.58,5769.526666666668
7.91,10129.9,2613.8599999999997,653.4649999999999
7.93,55242.0,19546.03,19546.03
7.94,48331.5,15007.84,5002.613333333334
7.95,36820.0,9127.49,9127.49
7.96,5522.4,1404.71,1404.71
7.97,263205.8,62840.850000000006,10473.475
7.98,28986.3,9557.02,4778.51
7.99,14261.55,2551.71,1275.855
8.0,64400.0,22948.93,11474.465
8.01,44155.2,13125.52,13125.52
8.02,9198.0,1573.17,1573.17
8.03,28326.76,9054.279999999999,3018.093333333333
8.04,105294.2,25278.170000000002,6319.5425000000005
8.06,44131.2,9943.55,9943.55
8.07,224768.85,45029.840000000004,22514.920000000002
8.08,16729.440000000002,4380.52,1460.1733333333334
8.09,71230.25,13811.740000000002,4603.913333333334
8.1,252725.0,65905.46,21968.486666666668
8.12,250832.4,76374.55,25458.183333333334
8.13,130822.88,28894.469999999998,9631.49
8.15,25718.0,4176.18,2088.09
8.16,211232.0,57821.96,14455.49
8.17,155835.51,42682.25,8536.45
8.18,137730.0,34632.08,17316.04
8.19,257802.48,60327.92,12065.583999999999
8.2,29376.0,8342.34,4171.17
8.21,119327.0,38271.3,9567.825
8.23,110124.0,41718.34,41718.34
8.24,2936.32,550.79,550.79
8.25,11468.75,4396.81,4396.81
8.26,224304.3,58055.95,29027.975
8.27,183460.0,54035.52,13508.88
8.28,27149.12,7084.13,2361.3766666666666
8.29,4585.5,1002.02,1002.02
8.3,6877.5,2695.8,2695.8
8.31,116629.68,26456.5,6614.125
8.32,119184.0,30021.489999999998,15010.744999999999
8.33,25117.58,4872.049999999999,1624.0166666666664
8.34,199818.8,52317.79,13079.4475
8.35,4124.25,1588.67,1588.67
8.36,109051.6,36294.3,7258.860000000001
8.37,2199.12,757.07,757.07
8.38,98949.6,20993.1,10496.55
8.39,36644.0,13065.56,13065.56
8.4,2748.0,664.54,664.54
8.42,219792.0,62027.17,62027.17
8.43,279288.5,76982.02,19245.505
8.44,193649.4,49942.82000000001,16647.60666666667
8.45,9795.85,3632.5699999999997,1816.2849999999999
8.46,65542.64,13351.980000000001,4450.660000000001
8.47,16017.75,2858.8,1429.4
8.48,240880.64,58798.65,14699.6625
8.49,353594.64,90971.41,18194.282
8.5,193522.5,58385.92,19461.97333333333
8.51,329364.0,129351.45999999999,64675.729999999996
8.52,405256.4,135033.77,27006.753999999997
8.53,246969.0,62587.83,31293.915
8.54,130879.26000000001,33585.99,6717.197999999999
8.55,203933.5,35335.34,11778.446666666665
8.56,274320.0,49324.99,49324.99
8.58,2742.6,1079.75,1079.75
8.59,140679.99,27125.800000000003,6781.450000000001
8.6,333610.0,82916.82,27638.940000000002
8.61,12885.99,2651.42,883.8066666666667
8.62,245172.54,81207.28,13534.546666666667
8.63,18274.0,6791.29,6791.29
8.64,99582.4,24459.12,6114.78
8.65,6851.25,2148.35,2148.35
8.66,164686.02,37122.28999999999,7424.457999999999
8.67,21005.9,3597.02,1798.51
8.68,101821.8,37324.6,12441.533333333333
8.69,79896.25,17715.27,5905.09
8.71,139217.25,47676.909999999996,11919.227499999999
8.72,231120.96,45176.61,9035.322
8.73,92639.05,25264.82,8421.606666666667
8.74,73920.6,17974.4,5991.466666666667
8.75,3650.0,949.93,949.93
8.76,18977.92,3590.5099999999998,1795.2549999999999
8.77,202165.68,45498.54,15166.18
8.78,17331.8,3900.4,1300.1333333333334
8.79,15961.75,3935.5200000000004,1967.7600000000002
8.81,470084.45,125939.58,25187.916
8.82,43766.4,15582.6,15582.6
8.83,3646.8,663.73,663.73
8.84,18232.0,6677.67,6677.67
8.85,112114.5,26712.590000000004,8904.196666666669
8.87,11755.77,2395.81,798.6033333333334
8.88,66973.2,13493.52,4497.84
8.89,10477.65,2818.92,1409.46
8.9,29607.5,4820.16,2410.08
8.91,22772.5,7998.15,3999.075
8.92,116127.0,31984.52,15992.26
8.93,44624.3,9682.09,3227.3633333333332
8.94,239032.5,45691.68,9138.336
8.95,2185.2,680.65,340.325
8.96,163872.0,45832.9,45832.9
8.98,13106.88,3844.21,1922.105
8.99,32763.6,10190.24,10190.24
9.0,116480.0,40003.52,13334.506666666666
9.01,71427.15,14832.65,3708.1625
9.02,186509.0,43128.95,14376.316666666666
9.03,13645.5,3047.8199999999997,1523.9099999999999
9.04,156087.36000000002,39956.03,7991.206
9.05,35470.5,7833.51,2611.17
9.06,289189.2,65428.32,13085.664
9.08,9092.0,2315.15,2315.15
9.09,9091.0,2829.54,2829.54
9.1,47268.0,9504.02,4752.01
9.13,330675.93,115121.48999999999,23024.298
9.14,4088.7,1005.14,1005.14
9.15,209318.4,80853.98000000001,26951.32666666667
9.16,115821.0,23320.76,11660.38
9.17,201642.6,56961.04,14240.26
9.18,138500.5,35222.3,11740.766666666668
9.19,138485.25,43955.759999999995,8791.151999999998
9.2,437656.0,119186.28,19864.38
9.21,54474.0,12508.19,12508.19
9.22,163404.0,48153.73,48153.73
9.23,58818.96000000001,16732.79,5577.596666666667
9.24,19967.2,4798.04,2399.02
9.25,111804.0,44462.94,22231.47
9.26,221405.6,60088.1,20029.366666666665
9.27,122031.85,28273.46,5654.692
9.28,124740.0,29801.190000000002,5960.238
9.29,244917.0,73769.04000000001,24589.680000000004
9.3,108840.0,41623.78,41623.78
9.31,208587.0,55493.170000000006,27746.585000000003
9.32,261158.4,88147.28,14691.213333333333
9.33,241544.88,37812.020000000004,12604.006666666668
9.34,59835.6,21454.11,10727.055
9.35,108780.0,41753.94,41753.94
9.36,321772.0,67676.03,22558.676666666666
9.37,123256.8,43134.5,14378.166666666666
9.38,55821.92,21315.37,10657.685
9.39,86623.15999999999,14831.54,4943.846666666667
9.4,44575.2,11483.119999999999,3827.7066666666665
9.41,3623.6,1252.37,1252.37
9.42,70199.5,24143.350000000002,8047.783333333334
9.43,164384.55,26450.39,13225.195
9.44,72448.0,20612.65,20612.65
9.45,221847.5,55909.39,13977.3475
9.46,280674.0,94300.81999999999,47150.409999999996
9.47,32590.8,9391.72,3130.5733333333333
9.48,362080.0,111905.09999999999,55952.549999999996
9.5,54300.0,20682.79,20682.79
9.51,108588.0,30069.559999999998,15034.779999999999
9.52,259225.2,97009.93,19401.985999999997
9.53,66947.8,23161.45,7720.483333333334
9.55,36180.0,5865.82,5865.82
9.57,2712.9,687.67,687.67
9.59,204326.6,47840.7,7973.45
9.6,83439.2,27907.41,9302.47
9.61,118862.85,42265.19,14088.396666666667
9.62,280178.0,106671.32,53335.66
9.63,247613.8,77819.41,19454.8525
9.66,27824.72,5702.66,1425.665
9.67,4516.5,1599.76,1599.76
9.68,185878.56,50143.92,10028.784
9.69,220356.4,67499.62000000001,33749.810000000005
9.7,4063.5,1306.23,653.115
9.71,15800.75,4908.6900000000005,2454.3450000000003
9.72,243756.0,50729.03,10145.806
9.73,115094.25,29478.57,14739.285
9.74,31591.0,5719.23,2859.615
9.75,86640.0,25787.579999999998,12893.789999999999
9.76,604517.76,201834.79,33639.13166666667
9.77,129931.2,34063.17,17031.585
9.78,54132.0,17650.95,17650.95
9.79,2165.04,449.65,449.65
9.8,54120.0,14810.76,14810.76
9.81,24802.25,7705.19,3852.595
9.83,24796.75,4928.3,1642.7666666666667
9.84,92414.0,28812.35,7203.0875
9.85,58597.5,20165.67,6721.889999999999
9.86,129801.6,41849.19,13949.730000000001
9.87,2884.16,1084.44,1084.44
9.88,10453.92,3447.54,1723.77
9.89,292857.5,83520.54,16704.108
9.9,43248.0,10929.16,10929.16
9.91,118468.35,19770.33,6590.110000000001
9.92,4504.0,1650.05,1650.05
9.93,21616.8,8001.51,8001.51
9.94,11257.5,2573.88,2573.88
9.95,29266.25,9076.0,3025.3333333333335
9.96,4051.8,1161.54,1161.54
9.97,279093.0,54810.990000000005,27405.495000000003
9.98,265108.9,72870.1,18217.525
9.99,78308.7,20632.03,5158.0075
10.0,171450.0,41160.07,10290.0175
10.03,143952.0,45788.59,22894.295
10.04,4048.2,1362.89,1362.89
10.05,89950.0,20864.91,20864.91
10.06,67904.7,16764.5,4191.125
10.07,222127.1,62114.12,15528.53
10.08,54401.6,12518.56,4172.8533333333335
10.09,130369.5,46905.8,23452.9
10.1,91698.0,22147.84,7382.613333333334
10.11,104272.4,35146.22,8786.555
10.12,157290.0,50956.28,12739.07
10.13,46822.27,10114.98,3371.66
10.14,245497.52,60253.13,15063.2825
10.15,120848.25,38024.479999999996,9506.119999999999
10.16,1347.6,398.53,398.53
10.17,289701.75,94809.34000000001,18961.868000000002
10.2,93392.0,35614.34,8903.585
10.21,193946.4,43444.94,10861.235
10.22,8080.2,1588.75,794.375
10.23,130705.12,39797.61,7959.522
10.24,21542.4,5853.63,5853.63
10.25,367975.0,114918.76000000001,28729.690000000002
10.26,1435.84,415.71,415.71
10.27,305530.64999999997,103148.27,20629.654000000002
10.29,269130.0,48574.07,48574.07
10.3,188370.0,33122.34,11040.779999999999
10.31,9417.45,2003.86,1001.93
10.32,221419.92,61079.729999999996,15269.932499999999
10.33,6725.25,1512.9,1512.9
10.34,14793.9,5271.98,2635.99
10.35,61679.2,13328.55,3332.1375
10.36,25995.6,5494.92,2747.46
10.37,53778.0,11994.51,11994.51
10.38,135326.2,35506.59,8876.6475
10.39,8961.0,2427.88,1213.94
10.4,4480.0,1366.1,1366.1
10.41,91113.03,31275.31,7818.8275
10.42,67185.0,13280.01,4426.67
10.43,10300.55,2021.6499999999999,1010.8249999999999
10.44,223900.0,55081.58,18360.52666666667
10.45,94923.0,28137.79,5627.558
10.46,16475.36,3943.03,1314.3433333333335
10.47,43869.7,16097.77,8048.885
10.48,12085.2,2180.19,1090.095
10.49,15664.25,3784.15,1892.075
10.5,251316.0,72706.39,24235.463333333333
10.51,161082.0,29326.79,14663.395
10.52,9663.84,2866.47,1433.235
10.53,35788.0,5777.46,5777.46
10.54,107352.0,22719.04,11359.52
10.55,136858.5,53492.47,26746.235
10.56,42931.2,7612.01,3806.005
10.57,315687.9,105804.78,13225.5975
10.58,53652.0,19901.3,19901.3
10.59,140820.75,43619.020000000004,21809.510000000002
10.6,272670.0,67610.26,13522.052
10.61,235989.6,57123.409999999996,19041.136666666665
10.63,232362.0,79015.05,26338.350000000002
10.64,440098.0,132819.01,44273.003333333334
10.65,80415.0,18259.37,9129.685
10.67,17866.0,5805.29,5805.29
10.68,196504.0,51332.79,12833.1975
10.69,163437.3,45275.42,11318.855
10.71,22858.239999999998,5577.459999999999,2788.7299999999996
10.72,188202.24,49618.42,16539.47333333333
10.73,350384.75,87677.64,21919.41
10.75,57566.25,11704.939999999999,5852.469999999999
10.76,464048.0,153817.82,51272.60666666667
10.79,5084.969999999999,940.4499999999999,470.22499999999997
10.8,219432.0,44773.36,14924.453333333333
10.81,4459.5,847.76,847.76
10.82,299644.8,104747.97,52373.985
10.83,13375.5,3490.73,3490.73
10.84,213984.0,52292.0,26146.0
10.86,351211.6,116484.53,23296.906
10.88,89120.0,27554.12,9184.706666666667
10.89,1425.76,286.28,286.28
10.9,213840.0,85028.55,85028.55
10.91,39912.32,6862.02,2287.34
10.92,56120.4,16188.009999999998,8094.004999999999
10.93,8907.0,2804.49,2804.49
10.94,58156.18,9847.52,3282.5066666666667
10.96,22260.0,6747.24,3373.62
10.97,245722.8,80153.27,40076.635
10.98,88396.86,25956.050000000003,6489.012500000001
10.99,17802.0,3166.56,3166.56
11.02,35592.0,7757.51,7757.51
11.03,20641.04,5616.280000000001,1872.0933333333335
11.04,245529.6,68062.92,17015.73
11.05,26685.0,5423.11,5423.11
11.06,142304.0,46168.479999999996,23084.239999999998
11.07,273459.75,106964.44,35654.81333333333
11.08,21340.8,4833.31,4833.31
11.09,162171.84,43872.35,21936.175
11.1,2222.5,608.87,608.87
11.11,189780.15,51784.49,10356.898
11.12,53328.0,14842.14,14842.14
11.13,120863.2,38840.0,12946.666666666666
11.14,267290.88,94312.29,47156.145
11.15,1421.6,252.49,252.49
11.16,2132.16,505.05,505.05
11.17,59960.25,18508.100000000002,9254.050000000001
11.18,11368.96,3964.8399999999997,1982.4199999999998
11.19,88810.0,29816.26,14908.13
11.2,8880.0,3170.4700000000003,1585.2350000000001
11.21,17314.05,4153.469999999999,2076.7349999999997
11.23,115844.85,34835.729999999996,4976.532857142856
11.24,119293.44,29426.960000000003,9808.986666666668
11.25,479250.0,165216.84,82608.42
11.26,10648.8,1907.5,1907.5
11.27,5323.8,931.73,931.73
11.28,190748.0,61337.38,15334.345
11.29,8072.61,2798.44,1399.22
11.3,32641.6,12075.14,6037.57
11.31,215073.25,42573.24,14191.08
11.32,207511.2,41570.41,10392.6025
11.33,94433.55,22053.14,7351.046666666666
11.34,38123.8,8280.17,2760.056666666667
11.35,21719.25,4502.25,1500.75
11.36,83321.6,27105.89,13552.945
11.37,132945.0,38454.42,38454.42
11.38,40410.72,8608.22,2869.4066666666663
11.39,24367.75,6129.19,3064.595
11.4,137330.0,38580.54,9645.135
11.41,6644.25,1597.22,1597.22
11.42,17716.0,3303.59,3303.59
11.43,325494.75,99012.54999999999,33004.18333333333
11.44,8856.0,2284.0,2284.0
11.45,176922.9,64036.43,7115.158888888889
11.46,159372.0,55950.28,27975.14
11.47,136778.85,45116.560000000005,11279.140000000001
11.48,140746.8,44147.7,11036.925
11.49,254908.8,74702.16,18675.54
11.5,159300.0,27631.15,27631.15
11.51,263700.2,83302.18000000001,20825.545000000002
11.52,422492.0,110757.69,27689.4225
11.53,2831.04,543.78,271.89
11.54,8846.0,2073.83,2073.83
11.55,190167.5,36734.09,12244.696666666665
11.56,205003.91999999998,62540.229999999996,15635.057499999999
11.57,265290.0,64883.27,21627.756666666664
11.58,176840.0,63134.66,31567.33
11.59,58792.65,12235.46,4078.486666666666
11.6,127738.0,39664.31,9916.0775
11.61,20064.53,3944.39,1314.7966666666666
11.62,10605.6,4012.81,4012.81
11.63,265110.0,103771.57,103771.57
11.64,71129.8,22424.17,5606.0425
11.65,11927.25,3696.9399999999996,1848.4699999999998
11.66,11925.9,3966.67,1983.335
11.67,14132.8,5146.53,2573.265
11.68,45749.759999999995,7510.59,2503.53
11.69,8831.0,1861.27,1861.27
11.7,114348.5,33538.39,11179.463333333333
11.71,5473.98,1022.48,511.24
11.72,71771.64,24325.410000000003,6081.352500000001
11.73,6620.25,2536.69,2536.69
11.74,230358.6,74833.76000000001,18708.440000000002
11.75,323524.5,102943.6,20588.72
11.76,39266.8,8161.52,2720.5066666666667
11.77,52938.0,14473.45,14473.45
11.78,176087.12,64866.95,12973.39
11.79,105852.0,32749.09,16374.545
11.8,37044.0,8474.35,2824.7833333333333
11.81,123466.0,27198.52,13599.26
11.82,61726.0,23958.030000000002,11979.015000000001
11.84,41876.0,12940.22,2588.044
11.85,23800.5,8443.960000000001,4221.9800000000005
11.86,38076.48,14488.130000000001,7244.0650000000005
11.87,163040.5,52388.61,17462.87
11.88,22470.6,8011.09,4005.545
11.89,100004.85,31006.11,7751.5275
11.9,57265.0,19332.280000000002,9666.140000000001
11.91,110112.5,37662.42,9415.605
11.92,26424.0,5530.74,5530.74
11.93,7397.879999999999,1377.26,459.08666666666664
11.94,4403.0,1636.17,1636.17
11.95,88050.0,21765.5,21765.5
11.96,45340.6,10977.91,3659.3033333333333
11.97,143048.75,37375.43,12458.476666666667
11.98,19804.5,5224.35,2612.175
11.99,180860.55,61317.93,15329.4825
12.0,371272.0,69137.03,9876.718571428572
12.01,137792.34,52831.799999999996,17610.6
12.02,63785.5,18044.21,9022.105
12.03,147789.6,28999.43,14499.715
12.04,2638.8,599.15,599.15
12.05,153912.5,35550.82,17775.41
12.06,54083.1,15302.69,7651.345
12.07,34292.7,11256.609999999999,5628.304999999999
12.08,263760.0,70233.6,70233.6
12.09,293971.04,89626.33,12803.761428571428
12.1,17580.0,5964.99,2982.495
12.11,333542.55,112487.90999999999,28121.977499999997
12.12,272428.0,43464.829999999994,21732.414999999997
12.13,28469.88,5364.59,1788.1966666666667
12.14,131790.0,28597.210000000003,9532.403333333334
12.15,195378.4,62006.380000000005,15501.595000000001
12.16,10540.8,2104.89,2104.89
12.17,333754.0,86206.95,28735.649999999998
12.18,26346.0,6340.69,6340.69
12.19,702.48,261.08,261.08
12.2,26340.0,7244.71,7244.71
12.21,57063.5,19721.08,9860.54
12.22,68029.5,12786.02,4262.006666666667
12.23,2106.48,673.21,673.21
12.24,78984.0,24030.67,24030.67
12.25,250087.5,71894.89,23964.963333333333
12.27,3333.7400000000002,851.45,425.725
12.29,285057.5,57309.64,19103.213333333333
12.3,8770.0,2664.29,1332.145
12.31,4384.5,1498.3,1498.3
12.32,324942.08,71781.8,10254.542857142858
12.33,8767.0,1628.88,1628.88
12.34,127983.6,24126.05,8042.016666666666
12.35,34183.5,10933.81,5466.905
12.36,94651.2,32656.800000000003,16328.400000000001
12.37,255879.6,55024.54,13756.135
12.39,24793.63,9002.34,3000.78
12.41,6569.25,2609.81,2609.81
12.42,63232.76,20354.45,5088.6125
12.43,236439.0,68650.44,17162.61
12.44,18825.4,6297.700000000001,2099.2333333333336
12.45,88863.25,30133.4,10044.466666666667
12.46,19608.96,4410.34,1470.1133333333335
12.48,96709.59999999999,18613.98,6204.66
12.49,319411.5,109886.01,36628.67
12.5,263812.5,79961.51,11423.072857142857
12.51,104988.0,22642.05,22642.05
12.52,5336.28,1545.3899999999999,772.6949999999999
12.53,31489.199999999997,6898.91,3449.455
12.54,17054.7,4969.139999999999,2484.5699999999997
12.55,144292.5,28856.01,14428.005
12.56,177066.0,61186.86,15296.715
12.57,218575.0,71845.17,23948.39
12.58,58134.3,14819.900000000001,4939.966666666667
12.59,14859.7,4948.18,2474.09
12.6,73416.0,23076.399999999998,11538.199999999999
12.61,369659.7,92931.38,23232.845
12.62,219760.7,57141.97,14285.4925
12.63,4368.5,710.19,710.19
12.64,10920.0,2291.49,2291.49
12.65,132335.25,41480.67,10370.1675
12.66,52404.0,13360.77,13360.77
12.67,4366.5,969.69,969.69
12.68,42350.2,8589.45,2147.3625
12.69,52386.0,15152.07,7576.035
12.7,93585.6,17387.59,5795.863333333334
12.71,3491.6,1290.55,1290.55
12.72,301116.0,72011.72,24003.906666666666
12.73,17454.0,5555.8,5555.8
12.74,104712.0,17076.03,17076.03
12.75,136110.0,45594.13,15198.043333333333
12.76,47982.0,14796.99,3699.2475
12.78,3488.8,1003.74,501.87
12.79,137355.75,42875.189999999995,14291.729999999998
12.8,185300.0,63841.39,21280.463333333333
12.82,23102.7,4072.48,2036.24
12.83,193517.4,60364.24,20121.413333333334
12.84,87160.0,23637.95,23637.95
12.85,1307.25,369.47,369.47
12.86,17428.0,4596.63,4596.63
12.87,74060.5,21891.53,7297.176666666666
12.88,6534.0,2594.4,2594.4
12.89,4355.5,1572.3,1572.3
12.9,2787.2,644.94,644.94
12.91,94057.2,21966.25,10983.125
12.92,24469.48,8913.81,2228.4525
12.93,60687.79,12893.75,3223.4375
12.94,253779.9,54991.79,9165.298333333334
12.95,17410.0,3565.55,1782.775
12.96,295936.0,84939.71,28313.236666666668
12.97,8703.0,1902.24,1902.24
12.98,1392.32,299.8,299.8
12.99,23057.65,8077.45,2692.483333333333
13.0,121365.0,35107.64,5851.2733333333335
13.01,52194.0,13275.72,13275.72
13.03,111756.45,33339.770000000004,11113.256666666668
13.05,6521.25,2055.29,2055.29
13.06,11649.96,3902.2400000000002,1300.7466666666667
13.08,54933.44,20108.510000000002,6702.836666666667
13.09,106899.3,17053.62,8526.81
13.1,325875.0,94706.75,23676.6875
13.11,695.12,159.62,159.62
13.12,165506.4,43039.369999999995,10759.842499999999
13.13,17374.0,4369.74,4369.74
13.14,183795.76,61423.68,12284.736
13.15,235797.75,39652.600000000006,13217.533333333335
13.16,218489.44,42902.49,14300.83
13.17,2083.92,669.3,669.3
13.18,189528.06,31635.16,6327.032
13.19,103564.33,35454.06,7090.812
13.2,254324.0,48892.62,12223.155
13.21,81061.86,19374.19,4843.5475
13.22,12583.1,2687.5,1343.75
13.23,194364.8,63469.01,10578.168333333333
13.24,121464.0,36211.6,18105.8
13.25,69400.0,16065.65,16065.65
13.26,17348.0,6363.13,6363.13
13.27,25498.620000000003,7326.330000000001,2442.11
13.28,22113.6,8456.9,4228.45
13.29,86710.0,23634.56,11817.28
13.3,8670.0,2846.58,2846.58
13.31,382736.35,115799.47,23159.894
13.32,228401.80000000002,65573.69,9367.67
13.33,61275.69,11984.699999999999,3994.8999999999996
13.34,230082.3,68899.45,22966.483333333334
13.35,179798.75,50280.39,16760.13
13.36,135331.68,33542.14,11180.713333333333
13.37,14120.689999999999,3648.1700000000005,1216.0566666666668
13.38,57169.2,16299.24,8149.62
13.39,121513.83,30286.95,6057.39
13.4,137087.8,35058.22,7011.644
13.41,33337.149999999994,9046.39,3015.463333333333
13.42,155844.0,44204.5,44204.5
13.43,3462.8,959.79,959.79
13.44,199088.0,59068.58,19689.52666666667
13.45,2596.5,890.06,890.06
13.46,598683.72,169882.28,21235.285
13.47,79953.72,22694.62,7564.873333333333
13.49,467154.0,136086.25,34021.5625
13.5,1384.0,415.48,415.48
13.51,60543.0,13331.49,3332.8725
13.52,86480.0,14511.94,14511.94
13.53,131866.75,33701.34,16850.67
13.54,69168.0,11266.42,11266.42
13.55,138320.0,32112.32,16056.16
13.56,51864.0,11965.51,11965.51
13.57,113223.3,31114.809999999998,10371.603333333333
13.59,88570.25,20065.179999999997,10032.589999999998
13.6,239328.0,89058.06,29686.02
13.61,133472.55,52030.72,26015.36
13.62,76014.4,23422.41,7807.47
13.63,276384.0,82887.49,41443.745
13.64,120472.2,28155.809999999998,7038.952499999999
13.65,17270.0,5181.21,5181.21
13.67,297061.53,53988.91,13497.2275
13.68,166079.68,39825.9,4425.1
13.69,49196.7,18232.41,6077.47
13.7,4315.0,917.28,917.28
13.71,5695.14,1128.1,564.05
13.72,17256.0,6611.5,6611.5
13.73,258810.0,45460.18,45460.18
13.74,79790.5,19605.940000000002,6535.313333333334
13.75,217350.0,77208.26000000001,25736.08666666667
13.76,8624.0,2522.48,1261.24
13.77,158663.2,35302.06,11767.353333333333
13.78,11639.7,3756.63,1878.315
13.79,17242.0,2837.23,2837.23
13.8,187054.0,57639.13,11527.826
13.81,155142.0,50055.57,50055.57
13.82,5170.8,2038.1,2038.1
13.83,311073.7,98829.92,24707.48
13.84,6892.799999999999,1708.35,569.4499999999999
13.85,279815.2,50908.490000000005,10181.698
13.86,217503.5,54085.47,27042.735
13.87,13091.76,3402.19,1701.095
13.88,86120.0,31752.67,15876.335
13.89,34444.0,13625.79,13625.79
13.9,73701.6,22402.690000000002,7467.563333333334
13.91,111917.0,41970.689999999995,20985.344999999998
13.92,51648.0,14870.19,7435.095
13.93,62400.75,19657.61,6552.536666666667
13.96,10755.0,3480.94,3480.94
13.97,24518.550000000003,7247.4,1811.85
13.98,107525.0,20778.190000000002,10389.095000000001
13.99,4300.5,1430.79,1430.79
14.01,32246.25,9864.04,3288.013333333334
14.02,86839.8,14523.0,3630.75
14.03,196183.54,62061.07,15515.2675
14.04,687.68,201.53,201.53
14.05,159952.95,42898.98,7149.830000000001
14.06,208404.5,46475.42,11618.855
14.07,48120.8,14328.37,4776.123333333334
14.08,45108.0,15557.5,7778.75
14.09,51546.0,13677.17,13677.17
14.1,150325.0,40686.62,13562.206666666667
14.11,15030.75,3441.4700000000003,1720.7350000000001
14.12,21470.0,6194.24,3097.12
14.13,124511.5,33051.31,8262.8275
14.14,68688.0,22215.64,22215.64
14.15,52540.2,13987.32,4662.44
14.16,127043.2,26951.41,8983.803333333333
14.17,141104.52000000002,24828.1,8276.033333333333
14.18,87879.68,33593.75,16796.875
14.19,5148.6,840.46,840.46
14.2,20592.0,3707.24,1235.7466666666667
14.21,79012.59,24348.21,4058.035
14.22,535267.2,158147.81999999998,31629.563999999995
14.24,143648.0,54548.29,18182.763333333332
14.25,226380.0,68921.64,22973.88
14.26,37296.9,9699.56,4849.78
14.27,231471.0,70398.01000000001,35199.005000000005
14.28,45431.6,17324.079999999998,8662.039999999999
14.29,107137.5,27357.399999999998,13678.699999999999
14.3,235675.0,63246.93,15811.7325
14.31,233933.7,70621.49,17655.3725
14.32,103330.08,34988.34,4373.5425
14.33,248100.32,50496.28,16832.093333333334
14.34,256980.0,54383.95,54383.95
14.35,85650.0,33475.979999999996,16737.989999999998
14.36,20553.6,7024.73,7024.73
14.37,196949.0,49185.36,16395.12
14.38,8562.0,3050.48,3050.48
14.39,50167.46000000001,16695.73,4173.9325
14.4,1369.6,501.23,501.23
14.41,1369.44,268.02,268.02
14.42,308088.0,70765.02,17691.255
14.44,43207.8,9620.71,4810.355
14.46,42684.46,15028.71,5009.57
14.47,43620.3,10827.8,5413.9
14.48,210379.2,61459.19,30729.595
14.5,43605.0,14747.19,4915.7300000000005
14.51,163285.9,49708.57,12427.1425
14.52,130784.4,43562.25,14520.75
14.53,69658.05,13503.3,3375.825
14.54,8546.0,2728.9700000000003,1364.4850000000001
14.55,6408.75,1388.04,1388.04
14.56,119616.0,23755.42,11877.71
14.57,205032.0,81122.75,81122.75
14.58,242165.7,56150.0,14037.5
14.59,3843.45,673.21,673.21
14.6,222040.0,49015.38,16338.46
14.61,188541.12,36327.979999999996,7265.596
14.62,11270.16,2378.6099999999997,1189.3049999999998
14.63,41404.45,13362.339999999998,3340.5849999999996
14.64,217668.0,61782.67,30891.335
14.65,30726.0,7622.47,7622.47
14.66,1365.44,435.01,435.01
14.67,230391.0,88745.32,44372.66
14.68,25596.0,6799.18,6799.18
14.69,255930.0,48813.35,48813.35
14.7,1364.8,256.56,256.56
14.71,1364.64,223.25,223.25
14.72,562848.0,179950.05,59983.35
14.73,61820.75,21765.86,10882.93
14.74,427152.6,87710.02,14618.336666666668
14.75,105710.0,24136.68,12068.34
14.76,131269.6,42565.23,14188.410000000002
14.77,61365.6,11497.83,5748.915
14.78,136352.0,34104.01,6820.802000000001
14.79,19172.25,6180.84,3090.42
14.8,17040.0,4210.28,4210.28
14.81,18741.8,5611.48,1870.493333333333
14.82,105623.2,24455.04,8151.68
14.83,48546.9,13336.029999999999,1905.1471428571426
14.84,226184.96,57502.08,19167.36
14.85,34741.2,6746.58,3373.29
14.86,3405.6,1039.2,1039.2
14.87,23410.75,5559.29,2779.645
14.88,7660.8,1913.21,637.7366666666667
14.89,5106.6,1915.58,1915.58
14.9,72164.8,21730.63,7243.543333333334
14.91,42545.0,11629.2,3876.4
14.92,73594.2,23192.73,7730.91
14.94,2721.92,589.46,589.46
14.95,37762.2,13421.52,4473.84
14.96,84189.6,17077.95,5692.650000000001
14.97,6377.25,2060.18,2060.18
14.98,51437.1,16313.300000000001,8156.650000000001
14.99,170020.0,39700.8,7940.160000000001
15.0,155550.0,43516.86,7252.81
15.01,293215.5,112677.9,37559.299999999996
15.02,242702.88,63106.7,15776.675
15.03,44184.4,14127.829999999998,4709.276666666666
15.04,2039.04,456.72,456.72
15.05,42050.25,12752.85,6376.425
15.06,61156.8,14314.380000000001,3578.5950000000003
15.07,127395.0,42245.67,42245.67
15.08,178332.0,57039.26,28519.63
15.09,25473.0,6965.57,6965.57
15.1,19527.0,5344.33,1336.0825
15.11,50509.55,14045.810000000001,4681.936666666667
15.14,37338.4,11203.0,5601.5
15.15,2715.2,443.33,443.33
15.16,8993.04,2356.8199999999997,785.6066666666666
15.17,54715.35,20359.06,6786.3533333333335
15.18,50892.0,10283.77,5141.885
15.19,69120.15,22710.3,5677.575
15.2,4155.2,806.89,403.445
15.21,50874.0,12042.92,12042.92
15.22,71215.2,15055.7,7527.85
15.23,375954.95,89546.96999999999,11193.371249999998
15.24,156975.52000000002,35451.13,7090.226
15.25,16102.5,4930.47,1232.6175
15.26,138126.2,37210.29,12403.43
15.27,108030.75,36883.27,12294.423333333332
15.28,33040.8,12399.39,6199.695
15.29,14400.7,3493.7299999999996,1746.8649999999998
15.3,69877.5,13655.23,3413.8075
15.31,256102.56,61888.939999999995,30944.469999999998
15.32,262508.0,80054.66,20013.665
15.33,418269.8,109822.32,27455.58
15.34,201914.1,59343.31,8477.615714285714
15.35,16930.0,2808.78,2808.78
15.36,126960.0,26368.56,8789.52
15.37,8463.0,1944.3,1944.3
15.38,31732.5,5444.62,2722.31
15.39,362976.9,100173.97,25043.4925
15.4,114210.0,31131.05,10377.016666666666
15.41,50754.0,15179.69,15179.69
15.42,214410.3,35346.46,11782.153333333334
15.43,76113.0,19485.81,19485.81
15.44,311434.48,87106.09,17421.218
15.45,37202.0,12143.490000000002,6071.745000000001
15.46,145408.8,38507.16,9626.79
15.47,76922.3,16334.050000000001,4083.5125000000003
15.48,16904.0,4711.07,1570.3566666666666
15.49,111975.75,22031.309999999998,11015.654999999999
15.5,2112.5,695.01,695.01
15.51,61170.76,11916.890000000001,3972.296666666667
15.52,5575.68,1162.77,581.385
15.53,178062.76,67384.13,13476.826000000001
15.54,105575.0,41315.189999999995,20657.594999999998
15.55,571726.5,197705.69,32950.948333333334
15.57,1266.45,295.22,295.22
15.58,34612.2,12500.240000000002,4166.746666666667
15.59,434458.27,102610.51,20522.102
15.6,278520.0,87024.98999999999,29008.329999999998
15.63,278421.0,95964.54000000001,31988.180000000004
15.64,32562.96,8513.23,2837.7433333333333
15.65,7591.5,2180.58,1090.29
15.66,51869.1,15052.97,7526.485
15.67,312021.0,74061.51,24687.17
15.69,50586.0,14486.68,14486.68
15.71,37930.5,10619.640000000001,5309.820000000001
15.72,48039.6,12846.26,4282.086666666667
15.73,674.16,228.17,228.17
15.74,6319.5,1595.67,1595.67
15.75,2022.0,586.44,586.44
15.76,84240.0,30941.58,10313.86
15.77,78923.51,29683.2,7420.8
15.78,25687.1,5831.21,1943.7366666666667
15.79,14736.75,3818.4,1272.8
15.8,1347.2,457.96999999999997,228.98499999999999
15.81,86884.08,23366.3,11683.15
15.82,5050.8,1298.63,1298.63
15.83,185174.0,47686.049999999996,15895.349999999999
15.84,80793.6,20895.57,10447.785
15.85,27769.5,8027.48,4013.74
15.86,222129.6,66419.12,16604.78
15.87,210325.0,81765.28,40882.64
15.88,214421.88,51477.130000000005,12869.282500000001
15.89,8326.89,2470.5299999999997,823.5099999999999
15.9,43395.6,14843.140000000001,4947.713333333334
15.91,420450.0,125315.15000000001,41771.71666666667
15.92,280827.2,63705.34,21235.11333333333
15.93,19504.239999999998,6945.570000000001,3472.7850000000003
15.94,319848.3,74354.65000000001,14870.930000000002
15.95,286610.5,92531.22,11566.4025
15.96,151272.0,28423.45,14211.725
15.97,145371.9,29047.1,7261.775
15.98,90321.5,33720.85,11240.283333333333
15.99,205404.45,44278.56,22139.28
16.0,166740.0,39787.77,9946.9425
16.01,89029.4,20725.64,5181.41
16.02,51143.82,19159.28,4789.82
16.03,16794.0,6348.44,6348.44
16.05,8395.0,1693.32,1693.32
16.06,228736.5,59815.340000000004,14953.835000000001
16.07,25179.0,5949.26,5949.26
16.08,77206.4,21286.07,10643.035
16.09,270609.75,96658.25,24164.5625
16.1,12585.0,2561.77,2561.77
16.11,8389.0,1438.92,1438.92
16.12,50328.0,13652.92,13652.92
16.13,22561.03,7441.98,1860.495
16.14,167720.0,58352.799999999996,19450.93333333333
16.15,10062.0,2495.62,2495.62
16.16,13665.92,3220.79,805.1975
16.17,50298.0,12970.24,12970.24
16.18,670.56,230.37,230.37
16.21,411911.64,145270.62,24211.77
16.22,44403.4,16869.28,8434.64
16.23,3350.7999999999997,1228.89,614.445
16.24,219870.0,54926.240000000005,18308.74666666667
16.26,25122.0,3978.53,1989.265
16.27,372431.04,110680.21,13835.02625
16.29,16742.0,3362.11,3362.11
16.3,412808.4,79025.14,15805.028
16.31,89548.3,26894.019999999997,8964.673333333332
16.32,161669.76,39154.89,13051.63
16.33,29284.5,7709.12,3854.56
16.34,36810.4,11979.810000000001,5989.905000000001
16.35,156843.75,60539.05,30269.525
16.36,123369.0,25301.3,6325.325
16.37,83630.0,20887.01,10443.505
16.38,128607.56000000001,48839.67,12209.9175
16.39,384606.0,106770.06000000001,35590.020000000004
16.4,10450.0,2778.09,2778.09
16.41,129564.5,48312.33,24156.165
16.42,83580.0,21171.29,21171.29
16.43,56409.75,20348.68,6782.893333333333
16.46,73515.2,15912.06,3978.015
16.47,79771.15,21508.309999999998,5377.077499999999
16.48,52617.6,12218.25,6109.125
16.49,11941.93,3056.71,1018.9033333333333
16.5,1252.5,342.59,342.59
16.51,117553.92,39896.97,13298.99
16.52,12104.6,3309.72,1654.86
16.53,3338.8,836.87,836.87
16.54,50076.0,8897.46,8897.46
16.55,14603.75,2570.77,1285.385
16.56,2002.56,312.78,312.78
16.57,667.44,165.96,165.96
16.58,34202.2,8708.21,4354.105
16.59,62557.5,10423.17,3474.39
16.6,183480.0,48855.5,24427.75
16.61,40027.2,12156.65,12156.65
16.62,223458.4,39787.35,6631.224999999999
16.63,40017.6,8667.21,8667.21
16.64,2000.64,407.22,407.22
16.65,31339.6,7091.429999999999,3545.7149999999997
16.66,50004.0,17014.52,17014.52
16.67,77496.9,20720.25,10360.125
16.68,219964.8,59861.73,29930.865
16.69,8331.0,2946.85,2946.85
16.7,263228.0,76625.69,15325.138
16.71,47891.75,13242.130000000001,4414.043333333334
16.72,249007.2,67112.08,13422.416000000001
16.73,66616.0,21019.6,21019.6
16.74,158860.08,48372.42,16124.14
16.75,29137.5,8156.21,4078.105
16.76,3329.6,871.66,871.66
16.77,212236.5,75361.64,25120.546666666665
16.78,219700.8,58630.39000000001,29315.195000000003
16.79,104012.5,37725.39,18862.695
16.8,4992.0,1945.56,1945.56
16.81,7487.1,1835.3700000000001,917.6850000000001
16.82,199632.0,37251.11,37251.11
16.83,665.36,194.94,194.94
16.84,1995.84,391.61,391.61
16.85,67767.25,26131.170000000002,13065.585000000001
16.86,154640.4,44853.159999999996,14951.053333333331
16.87,45721.5,16376.21,8188.105
16.88,349768.96,87099.85,29033.283333333336
16.89,4155.5,1081.64,1081.64
16.9,281709.0,87125.12999999999,29041.709999999995
16.91,89903.38,30715.25,10238.416666666666
16.92,126697.0,36047.03,12015.676666666666
16.93,149526.0,59747.83,59747.83
16.94,368786.4,97943.9,16323.983333333332
16.95,523215.0,152221.24,38055.31
16.96,65601.6,17348.69,4337.1725
16.97,23663.55,4384.83,1461.61
16.98,2075.5,761.68,761.68
16.99,301326.3,90259.08,15043.18
17.0,62250.0,11539.39,3846.463333333333
17.01,14938.199999999999,3557.16,1778.58
17.04,145180.0,50750.22,25375.11
17.05,74655.0,23278.71,11639.355
17.06,52418.08,10092.880000000001,5046.4400000000005
17.07,249453.44,60962.04,30481.02
17.08,174132.0,38592.93,19296.465
17.09,3730.95,654.09,654.09
17.1,174090.0,34313.770000000004,17156.885000000002
17.11,6216.75,2023.4,1011.7
17.12,8785.279999999999,1826.5500000000002,608.85
17.13,306619.0,55644.299999999996,11128.859999999999
17.14,99432.0,23424.38,23424.38
17.15,113835.9,36884.45,9221.1125
17.16,66686.2,13746.54,1963.7914285714287
17.17,135841.2,29782.980000000003,7445.745000000001
17.18,12423.0,2557.33,2557.33
17.19,397488.0,100402.5,50201.25
17.2,160632.0,41721.42,13907.14
17.21,99348.0,16018.27,16018.27
17.22,16556.0,3423.82,3423.82
17.23,227286.41999999998,79053.26,13175.543333333333
17.24,227590.0,64683.93,16170.9825
17.25,7447.5,1385.6100000000001,692.8050000000001
17.28,58731.2,13808.25,4602.75
17.29,84364.20000000001,28063.53,7015.8825
17.3,248100.0,46580.31,23290.155
17.32,147997.2,42192.79,10548.1975
17.33,52908.8,16490.22,8245.11
17.34,347585.3,86843.19,17368.638
17.35,104139.0,36296.96,12098.986666666666
17.37,74367.0,28158.06,28158.06
17.38,1239.3,433.68,433.68
17.39,99379.83,33569.61,6713.9220000000005
17.4,99120.0,37189.5,37189.5
17.41,199454.85,66559.65,22186.55
17.42,305546.0,85846.58,28615.52666666667
17.43,119313.65,34772.649999999994,8693.162499999999
17.44,105264.0,33128.49,16564.245
17.46,323969.5,64230.4,21410.133333333335
17.47,247590.0,89491.36,89491.36
17.48,156127.84,54775.82,18258.606666666667
17.52,47838.4,13893.0,2778.6
17.54,61020.4,15050.02,5016.673333333333
17.55,123675.0,37662.21,37662.21
17.56,93157.2,17533.76,5844.586666666666
17.57,60998.2,11861.11,2965.2775
17.58,152477.0,59756.96,29878.48
17.59,3296.4,686.24,686.24
17.6,20600.0,6268.6,6268.6
17.62,53547.0,13976.47,6988.235
17.63,168034.8,48757.39,8126.231666666667
17.64,6094.64,1827.6599999999999,913.8299999999999
17.65,79056.0,19620.36,9810.18
17.66,45698.7,13978.3,4659.433333333333
17.67,24699.0,7487.52,3743.76
17.68,30293.760000000002,5557.820000000001,2778.9100000000003
17.69,86425.5,22000.72,11000.36
17.7,150197.5,47490.520000000004,11872.630000000001
17.71,281102.64,58570.72000000001,19523.573333333337
17.72,49368.0,10995.76,10995.76
17.73,120114.2,41404.990000000005,13801.663333333336
17.74,79792.2,19158.089999999997,6386.029999999999
17.75,100756.25,30451.49,7612.8725
17.76,106912.0,30888.56,10296.186666666666
17.77,16446.0,3063.82,3063.82
17.78,212949.8,66431.19,11071.865
17.79,195248.75,51557.9,12889.475
17.8,4110.0,1138.64,1138.64
17.81,154106.25,49842.55,24921.275
17.82,10190.32,2372.82,1186.41
17.83,156123.0,45841.880000000005,11460.470000000001
17.84,68192.8,14854.26,7427.13
17.85,20126.75,6184.31,3092.155
17.86,4928.4,1536.97,1536.97
17.87,73917.0,16777.34,8388.67
17.88,11168.32,3403.94,1701.97
17.9,119045.0,26056.1,8685.366666666667
17.91,73881.0,26339.55,13169.775
17.92,8208.0,1418.95,1418.95
17.93,16988.489999999998,3726.06,1242.02
17.94,158457.86000000002,45498.99,7583.165
17.95,25681.65,7877.789999999999,1969.4474999999998
17.96,138237.4,45109.969999999994,9021.993999999999
17.97,4101.5,1163.0,1163.0
17.99,208387.41,80212.41,26737.47
18.0,68224.0,24574.14,12287.07
18.01,472672.35,108442.0,15491.714285714286
18.02,108213.6,36132.840000000004,9033.210000000001
18.03,166399.1,44916.979999999996,8983.395999999999
18.04,32784.0,9487.43,9487.43
18.05,72116.0,21636.42,10818.21
18.06,116027.04,25806.84,5161.368
18.07,395230.32,82055.64,20513.91
18.08,78643.2,15564.75,7782.375
18.09,11467.4,2228.22,1114.11
18.1,101965.5,36380.75,18190.375
18.11,260000.75,70808.27,10115.467142857144
18.12,4094.0,628.95,628.95
18.13,53215.5,10481.289999999999,5240.6449999999995
18.14,3683.7,1028.72,1028.72
18.15,79558.2,17350.68,4337.67
18.16,225878.4,51605.03,25802.515
18.17,65464.0,19816.42,19816.42
18.18,21764.12,5430.96,1810.32
18.19,149221.44,33708.75,11236.25
18.2,245400.0,73812.79,73812.79
18.21,40895.0,13539.61,6769.805
18.22,92820.3,18055.08,3611.0160000000005
18.23,127561.2,40425.24,8085.048
18.24,130816.0,31595.36,7898.84
18.25,160230.0,55356.12,7908.017142857143
18.26,235738.16,79507.26999999999,15901.453999999998
18.27,101345.2,24649.7,8216.566666666668
18.28,10133.28,2239.56,1119.78
18.29,46166.15,13555.18,2711.036
18.3,143383.5,33290.97,11096.99
18.31,3676.05,1117.51,1117.51
18.32,74982.23999999999,16513.48,2752.2466666666664
18.33,24501.0,7826.01,7826.01
18.34,159237.0,51336.5,17112.166666666668
18.35,185753.75,52603.72,13150.93
18.36,88007.92,31553.47,7888.3675
18.37,225298.8,44615.920000000006,14871.973333333335
18.38,18282.88,5121.69,2560.845
18.39,132616.25,23270.73,7756.91
18.4,40392.0,9080.939999999999,1816.1879999999996
18.41,50177.85,14886.71,3721.6775
18.43,33117.42,5887.71,1471.9275
18.44,117446.4,36192.26,18096.13
18.45,195720.0,55080.67,55080.67
18.46,17938.8,4503.04,2251.52
18.47,125963.85,29099.57,14549.785
18.48,99046.8,35653.4,17826.7
18.49,10596.300000000001,2610.29,870.0966666666667
18.5,39527.5,14199.86,7099.93
18.51,2607.68,1018.55,1018.55
18.52,200848.2,48425.76,12106.44
18.53,146646.0,33844.72,16922.36
18.54,106305.3,31043.519999999997,7760.879999999999
18.55,146610.0,57201.29,57201.29
18.56,35833.6,10751.130000000001,5375.5650000000005
18.57,22963.260000000002,7300.18,3650.09
18.59,19538.4,5586.84,5586.84
18.6,16280.0,5982.07,2991.035
18.61,52496.55,14674.349999999999,7337.174999999999
18.62,32552.0,6714.99,6714.99
18.63,189185.25,54003.95,10800.789999999999
18.64,73224.0,13345.380000000001,6672.6900000000005
18.66,175694.4,38584.049999999996,19292.024999999998
18.67,15046.05,4571.85,2285.925
18.68,6830.88,1543.9299999999998,771.9649999999999
18.69,132941.85,43232.79,14410.93
18.7,201217.5,37568.28999999999,18784.144999999997
18.71,97548.0,31172.25,15586.125
18.72,73152.0,25338.31,25338.31
18.73,52825.5,15486.130000000001,7743.0650000000005
18.74,28441.0,7603.21,3801.605
18.75,16656.25,5130.639999999999,1710.2133333333331
18.77,51174.9,15843.779999999999,5281.259999999999
18.78,73098.0,13645.19,13645.19
18.79,97452.0,30913.23,30913.23
18.8,25009.6,9459.210000000001,4729.6050000000005
18.81,146142.0,52231.380000000005,26115.690000000002
18.82,15830.1,3793.44,1896.72
18.83,8117.0,1873.02,936.51
18.84,43014.8,8559.79,2853.263333333334
18.85,19476.0,4348.99,4348.99
18.86,99802.2,27103.22,6775.805
18.87,1947.12,646.82,646.82
18.88,77875.2,15259.8,7629.9
18.89,316329.0,115448.38,57724.19
18.9,151008.2,28821.5,7205.375
18.91,3243.6,542.37,542.37
18.92,6081.0,1151.62,1151.62
18.93,136278.67,38837.44,6472.906666666667
18.94,28371.0,8353.939999999999,4176.969999999999
18.95,15804.75,5185.03,2592.515
18.96,81850.4,23482.43,4696.486
18.97,77383.65,25871.7,4311.95
18.98,15393.8,3847.91,1282.6366666666665
18.99,247890.6,84913.46,42456.73
19.0,136242.0,41772.590000000004,6962.098333333334
19.01,157930.5,43996.240000000005,14665.413333333336
19.02,152485.34,50864.28,12716.07
19.03,36841.35,12716.85,4238.95
19.04,82822.08,19829.24,4957.31
19.05,255802.0,84804.95999999999,28268.319999999996
19.07,566105.35,163334.41,27222.40166666667
19.08,82538.4,21417.370000000003,7139.123333333334
19.09,2589.12,964.42,964.42
19.11,155713.25,56347.2,11269.439999999999
19.12,160142.4,56766.85,14191.7125
19.13,42941.97,11346.32,2836.58
19.14,60645.0,20533.03,6844.343333333333
19.15,145530.0,48598.25,48598.25
19.16,29102.4,7860.68,7860.68
19.17,72747.0,16332.27,16332.27
19.19,10990.16,1996.98,998.49
19.2,216140.0,45866.69,11466.6725
19.21,243016.32,56131.62,28065.81
19.22,75125.4,29096.94,14548.47
19.23,129232.0,34879.74,17439.87
19.24,135273.0,32116.07,10705.356666666667
19.25,46835.0,12429.17,3107.2925
19.26,177628.0,46739.46,23369.73
19.28,37131.2,12924.24,6462.12
19.29,49071.68,13325.83,6662.915
19.3,52939.2,20036.91,6678.97
19.31,98764.56,24612.61,12306.305
19.32,10085.0,1708.77,1708.77
19.33,176667.3,51802.630000000005,12950.657500000001
19.34,170031.28,37442.78,12480.926666666666
19.35,160493.5,47155.56,11788.89
19.37,40315.0,11403.52,3801.1733333333336
19.38,2418.6,824.26,824.26
19.39,156060.96,36462.509999999995,9115.627499999999
19.4,1209.0,213.28,213.28
19.41,85022.45,31317.07,10439.023333333333
19.42,90652.5,30006.160000000003,10002.053333333335
19.43,107963.8,29202.66,9734.22
19.44,32224.0,8080.17,8080.17
19.45,56385.0,15257.32,7628.66
19.46,106957.12,33794.81,8448.7025
19.47,174750.1,60549.100000000006,12109.820000000002
19.48,120780.0,20473.99,20473.99
19.49,162630.2,44521.71,11130.4275
19.5,247537.5,76951.05,19237.7625
19.51,38152.259999999995,12068.16,4022.72
19.52,65671.68,23512.64,11756.32
19.54,241380.0,48453.19,48453.19
19.55,5068.35,864.47,288.1566666666667
19.56,136345.8,36011.96,12003.986666666666
19.57,88312.14,28598.5,7149.625
19.6,402000.0,109379.98999999999,15625.712857142857
19.61,131839.6,44423.08,14807.693333333335
19.62,96456.0,23117.64,23117.64
19.63,215230.86000000002,53597.85,7656.835714285714
19.64,212954.0,54867.94,10973.588
19.65,28926.0,6108.18,6108.18
19.66,25387.44,6336.4,2112.133333333333
19.67,158089.44,48086.42,12021.605
19.68,155419.19999999998,55043.48999999999,13760.872499999998
19.69,11966.19,2803.46,1401.73
19.7,49464.8,13036.060000000001,6518.030000000001
19.71,208754.0,49659.65,24829.825
19.72,2007.0,385.18,385.18
19.73,14849.95,3962.29,1320.7633333333333
19.74,106344.5,35707.09,8926.7725
19.76,48144.0,9034.51,9034.51
19.77,89055.3,22378.739999999998,3729.7899999999995
19.78,19252.8,3855.0,1927.5
19.79,6015.75,2038.23,2038.23
19.81,51321.6,13927.74,3481.935
19.82,93489.88,27940.03,9313.343333333332
19.83,76161.5,16426.86,8213.43
19.84,16032.0,2646.6099999999997,1323.3049999999998
19.85,88165.0,27910.63,9303.543333333333
19.86,171499.6,44744.369999999995,14914.789999999999
19.87,3766.1099999999997,1123.15,374.3833333333334
19.88,83965.76,24373.64,6093.41
19.89,339666.4,103978.16,34659.386666666665
19.9,28035.0,5913.41,2956.705
19.91,10011.25,2983.59,1491.795
19.92,128528.4,39061.85,13020.616666666667
19.93,96084.0,31826.55,31826.55
19.94,122011.44,42523.740000000005,21261.870000000003
19.95,240150.0,62425.94,20808.646666666667
19.96,101250.6,28253.14,5650.628
19.97,24009.0,7220.12,7220.12
19.98,60415.1,13586.9,3396.725
19.99,45925.74,11639.95,2909.9875
